-- 第2步：插入所有数据
-- 在 Navicat 中：右键数据库 → 运行 SQL 文件 → 选择本文件
-- 前提：已成功执行 1_创建表和索引.sql

INSERT INTO Country(Country, Market)
VALUES
    ('India', 'Asia'),
	('Pakistan', 'Asia'),
	('South Africa', 'Africa'),
	('Kenya', 'Africa'),
	('Mexico', 'South America'),
	('Peru', 'South America');

INSERT INTO Ratio_Expenses1 (Series, Software_product_amortization_rate_acc_cost, RandD_rate_acc_cost)
VALUES
    ('Dog', 0.0450, 0.0300),
	('Cat', 0.0150, 0.0250),
	('Tiger', 0.0350, 0.0200);

INSERT INTO Model(Model, Series, Model_label)
VALUES
    ('DA 128+8', 'Dog', 'DA'),
	('DA 256+8', 'Dog', 'DA'),
	('DB 128+8', 'Dog', 'DB'),
	('DB 256+8', 'Dog', 'DB'),
	('CA 128+8', 'Cat', 'CA'),
	('CA 256+8', 'Cat', 'CA'),
	('CB 128+8', 'Cat', 'CB'),
	('CB 256+8', 'Cat', 'CB'),
	('TA 128+8', 'Tiger', 'TA'),
	('TA 256+8', 'Tiger', 'TA'),
	('TB 128+8', 'Tiger', 'TB'),
	('TB 256+8', 'Tiger', 'TB');

INSERT INTO Exchange(Exchange_time, Exchange_rate)
VALUES
    ('2025-10', 7.15),
	('2025-11', 7.20),
	('2025-12', 7.19),
	('2026-01', 7.16),
	('2026-02', 7.17),
	('2026-03', 7.18),
	('2026-04', 7.19),
	('2026-05', 7.20),
	('2026-06', 7.17),
	('2026-07', 7.18),
	('2026-08', 7.20),
	('2026-09', 7.21);

INSERT INTO sales_price(id, Model, Country, h_Time, Currency, Sales, Price, Exchange_time)
VALUES
	(1, 'DA 128+8', 'India', '2025-12', 'CHY', 20, 101.00, '2025-12'),
	(2, 'DA 128+8', 'Pakistan', '2026-01', 'CHY', 35, 102.00,'2026-01'),
	(3, 'DA 256+8', 'Pakistan', '2025-12', 'CHY', 15, 110.00,'2025-12'),
	(4, 'DA 256+8', 'South Africa', '2026-01', 'USD', 30, 17.20,'2026-01'),
	(5, 'DB 128+8', 'India', '2025-12', 'CHY', 30, 105.00,'2025-12'),
	(6, 'DB 128+8', 'India', '2026-01', 'CHY', 37, 106.00,'2026-01'),
	(7, 'DB 256+8', 'South Africa', '2025-12', 'USD', 40, 17.50,'2025-12'),
	(8, 'DB 256+8', 'Kenya', '2026-01', 'CHY', 40, 100.00,'2026-01'),
	(9, 'CA 128+8', 'Kenya', '2025-12', 'CHY', 41, 100.00,'2025-12'),
	(10, 'CA 128+8', 'Pakistan', '2026-01', 'CHY', 37, 108.00,'2026-01'),
	(11, 'CA 256+8', 'Pakistan', '2025-12', 'CHY', 38, 109.00,'2025-12'),
	(12, 'CA 256+8', 'Pakistan', '2026-01', 'CHY', 39, 105.00,'2026-01'),
	(13, 'CB 128+8', 'India', '2025-12', 'CHY', 20, 99.00,'2025-12'),
	(14, 'CB 128+8', 'Kenya', '2026-01', 'CHY', 25, 103.50,'2026-01'),
	(15, 'CB 256+8', 'Kenya', '2025-12', 'CHY', 30, 103.50,'2025-12'),
	(16, 'CB 256+8', 'South Africa', '2026-01', 'USD', 44, 15.50,'2026-01'),
	(17, 'TA 128+8', 'India', '2025-12', 'CHY', 30, 106.00,'2025-12'),
	(18, 'TA 128+8', 'Kenya', '2026-01', 'CHY', 34, 104.00,'2026-01'),
	(19, 'TA 256+8', 'South Africa', '2025-12', 'USD', 34, 17.00,'2025-12'),
	(20, 'TA 256+8', 'South Africa', '2026-01', 'USD', 35, 16.50,'2026-01');

INSERT INTO Costs(Costs_id, Model, Country, Costs_time, Costs)
VALUES
    (1, 'DA 128+8', 'India', '2025-12', 75.00),
	(2, 'DA 128+8', 'Pakistan', '2026-01', 76.00 ),
	(3, 'DA 256+8', 'Pakistan', '2025-12', 74.00 ),
	(4, 'DA 256+8', 'South Africa', '2026-01',77.00),
	(5, 'DB 128+8', 'India', '2025-12', 80.00),
	(6, 'DB 128+8', 'India', '2026-01', 72.00),
	(7, 'DB 256+8', 'South Africa', '2025-12', 75.00),
	(8, 'DB 256+8', 'Kenya', '2026-01', 76.00),
	(9, 'CA 128+8', 'Kenya', '2025-12', 60.00),
	(10, 'CA 128+8', 'Pakistan', '2026-01', 61.00),
	(11, 'CA 256+8', 'Pakistan', '2025-12', 62.00),
	(12, 'CA 256+8', 'Pakistan', '2026-01', 63.00),
	(13, 'CB 128+8', 'India', '2025-12', 66.00),
	(14, 'CB 128+8', 'Kenya', '2026-01', 67.00),
	(15, 'CB 256+8', 'Kenya', '2025-12', 68.00),
	(16, 'CB 256+8', 'South Africa', '2026-01', 66.00),
	(17, 'TA 128+8', 'India', '2025-12', 81.00),
	(18, 'TA 128+8', 'Kenya', '2026-01', 85.00),
	(19, 'TA 256+8', 'South Africa', '2025-12', 85.00),
	(20, 'TA 256+8', 'South Africa', '2026-01', 83.00),
	(21, 'TB 128+8', 'Pakistan', '2025-12', 87.00),
	(22, 'TB 128+8', 'Pakistan', '2026-01', 85.00),
	(23, 'TB 256+8', 'India', '2025-12', 75.00),
	(24, 'TB 256+8', 'Pakistan', '2026-01', 76.00);

INSERT INTO Ratio_Expenses2(Ratio_expenses2_id, Country, Functional_cost_allocation_rate_acc_cost, Business_group_headquarters_allocation_rate_acc_cost, Marketing_activities_provision_rate_acc_revenue)
VALUES
    (1, 'Kenya', 0.0250, 0.0350,0.0500),
	(2, 'South Africa', 0.0300, 0.0300, 0.0500),
	(3, 'India', 0.0150, 0.0250, 0.0300),
	(4, 'Mexico', 0.0200, 0.0350, 0.0400),
	(5, 'Peru', 0.0250, 0.0350, 0.0450),
	(6, 'Pakistan', 0.0300, 0.0350, 0.0250);

INSERT INTO Ratio_Expenses3(Ratio_expenses3_id, Model_label, Country, After_sales_provision_rate_acc_cost)
VALUES
    (1, 'DA', 'India', 0.0250),
	(2, 'DA', 'Pakistan', 0.0260),
	(3, 'DA', 'Kenya', 0.0240),
	(4, 'DA', 'South Africa', 0.0250),
	(5, 'DA', 'Mexico', 0.0240),
	(6, 'DA', 'Peru', 0.0210),
	(7, 'DB', 'India', 0.0300),
	(8, 'DB', 'Pakistan', 0.0310),
	(9, 'DB', 'Kenya', 0.0290),
	(10, 'DB', 'South Africa', 0.0250),
	(11, 'DB', 'Mexico', 0.0300),
	(12, 'DB', 'Peru', 0.0270),
	(13, 'CA', 'India', 0.0260),
	(14, 'CA', 'Pakistan', 0.0310),
	(15, 'CA', 'Kenya', 0.0290),
	(16, 'CA', 'South Africa', 0.0190),
	(17, 'CA', 'Mexico', 0.0280),
	(18, 'CA', 'Peru', 0.0270),
	(19, 'CB', 'India', 0.0260),
	(20, 'CB', 'Pakistan', 0.0190),
	(21, 'CB', 'Kenya', 0.0390),
	(22, 'CB', 'South Africa', 0.0270),
	(23, 'CB', 'Mexico', 0.0280),
	(24, 'CB', 'Peru', 0.0230),
	(25, 'TA', 'India', 0.0270),
	(26, 'TA', 'Pakistan', 0.0190),
	(27, 'TA', 'Kenya', 0.0280),
	(28, 'TA', 'South Africa', 0.0250),
	(29, 'TA', 'Mexico', 0.0250),
	(30, 'TA', 'Peru', 0.0230),
	(31, 'TB', 'India', 0.0240),
	(32, 'TB', 'Pakistan', 0.0220),
	(33, 'TB', 'Kenya', 0.0270),
	(34, 'TB', 'South Africa', 0.0280),
	(35, 'TB', 'Mexico', 0.0240),
	(36, 'TB', 'Peru', 0.0240);

INSERT INTO Regional_Expenses(Country, Expenses_time, Marketing_expenses, Labor_cost, Other_variable_expenses, Other_fixed_expenses)
VALUES
    ('India', '2025-12', 25.00, 30.00, 25.00, 30.00),
	('India', '2026-01', 26.00, 27.00, 28.00, 29.00),
	('India', '2026-02', 27.00, 25.00, 26.00, 30.00),
	('India', '2026-03', 28.00, 26.00, 27.00, 31.00),
	('India', '2026-04', 24.00, 23.00, 29.00, 31.00),
	('India', '2026-05', 25.00, 26.00, 27.00, 30.00),
	('Pakistan', '2025-12', 27.00, 26.00, 25.00, 24.00),
	('Pakistan', '2026-01', 28.00, 26.00, 28.00, 29.00),
	('Pakistan', '2026-02', 25.00, 25.00, 27.00, 29.00),
	('Pakistan', '2026-03', 27.00, 25.00, 26.00, 30.00),
	('Pakistan', '2026-04', 25.00, 22.00, 26.00, 29.00),
	('Pakistan', '2026-05', 25.00, 27.00, 27.00, 30.00),
	('South Africa', '2025-12', 28.00, 27.00, 24.00, 25.00),
	('South Africa', '2026-01', 29.00, 24.00, 26.00, 27.00),
	('South Africa', '2026-02', 26.00, 27.00, 23.00, 28.00),
	('South Africa', '2026-03', 24.00, 30.00, 26.00, 30.00),
	('South Africa', '2026-04', 26.00, 21.00, 21.00, 29.00),
	('South Africa', '2026-05', 23.00, 30.00, 27.00, 30.00),
	('Kenya', '2025-12', 26.00, 28.00, 29.00, 25.00),
	('Kenya', '2026-01', 23.00, 24.00, 25.00, 28.00),
	('Kenya', '2026-02', 26.00, 28.00, 28.00, 24.00),
	('Kenya', '2026-03', 26.00, 26.00, 27.00, 29.00),
	('Kenya', '2026-04', 27.00, 28.00, 21.00, 29.00),
	('Kenya', '2026-05', 26.00, 24.00, 27.00, 28.00),
	('Mexico', '2025-12', 27.00, 23.00, 31.00, 22.00),
	('Mexico', '2026-01', 25.00, 29.00, 22.00, 24.00),
	('Mexico', '2026-02', 23.00, 30.00, 22.00, 24.00),
	('Mexico', '2026-03', 25.00, 25.00, 25.00, 25.00),
	('Mexico', '2026-04', 26.00, 27.00, 29.00, 22.00),
	('Mexico', '2026-05', 24.00, 26.00, 24.00, 26.00),
	('Peru', '2025-12', 25.00, 26.00, 27.00, 26.00),
	('Peru', '2026-01', 24.00, 28.00, 21.00, 21.00),
	('Peru', '2026-02', 27.00, 26.00, 21.00, 26.00),
	('Peru', '2026-03', 24.00, 26.00, 28.00, 29.00),
	('Peru', '2026-04', 22.00, 25.00, 27.00, 21.00),
	('Peru', '2026-05', 26.00, 28.00, 23.00, 29.00);

INSERT INTO History(h_Time, Country, Market, Model, Model_label, Series, Sales, Revenues, Gross_profits, Margin_profits, Net_income)
VALUES 
('2025-10', 'Kenya', 'Africa', 'CA 128+8', 'CA', 'Cat', 36, 3600.00, 3000.00, 1000.00, 600.00),
('2025-10', 'India', 'Asia', 'CA 128+8', 'CA', 'Cat', 35, 3600.00, 2876.00, 879.86, 589.96),
('2025-10', 'South Africa', 'Africa', 'CB 256+8', 'CB', 'Cat', 29, 3000.00, 1600.00, 875.35, 325.78),
('2025-10', 'India', 'Asia', 'CB 128+8', 'CB', 'Cat', 34, 3700.00, 3010.00, 866.66, 788.44),
('2025-11', 'Pakistan', 'Asia', 'TA 128+8', 'TA', 'Tiger', 38, 3700.00, 3020.00, 800.00, 710.00),
('2025-11', 'India', 'Asia', 'TA 256+8', 'TA', 'Tiger', 29, 2900.00, 2500.00, 750.76, 590.00),
('2025-11', 'South Africa', 'Africa', 'TB 128+8', 'TB', 'Tiger', 40, 4200.00, 3200.00, 976.38, 755.98),
('2025-11', 'Kenya', 'Africa', 'DA 128+8', 'DA', 'Dog', 35, 3400.00, 2900.00, 799.34, 601.23);

INSERT INTO Budget(h_Time, Country, Market, Model, Model_label, Series, Sales, Revenues, Gross_profits, Margin_profits, Net_income)
VALUES
('2025-10', 'Kenya', 'Africa', 'CA 128+8', 'CA', 'Cat', 35, 3400.00, 2956.00, 1200.00, 605.00),
('2025-10', 'India', 'Asia', 'CA 128+8', 'CA', 'Cat', 32, 3200.00, 2500.00, 800.00, 540.35),
('2025-10', 'South Africa', 'Africa', 'CB 256+8', 'CB', 'Cat', 30, 3000.00, 2700.00, 899.26, 376.38),
('2025-10', 'India', 'Asia', 'CB 128+8', 'CB', 'Cat', 29, 3500.00, 2900.00, 1000.00, 705.21),
('2025-11', 'Pakistan', 'Asia', 'TA 128+8', 'TA', 'Tiger', 35, 3700.00, 2903.00, 784.04, 623.00),
('2025-11', 'India', 'Asia', 'TA 256+8', 'TA', 'Tiger', 35, 3400.00, 2500.00, 750.76, 590.00),
('2025-11', 'South Africa', 'Africa', 'TB 128+8', 'TB', 'Tiger', 40, 4000.00, 3200.00, 976.38, 755.98),
('2025-11', 'Kenya', 'Africa', 'DA 128+8', 'DA', 'Dog', 33, 3500.00, 2900.00, 799.34, 601.23),
('2025-12', 'India', 'Asia', 'DA 128+8', 'DA', 'Dog', 34, 3300.00, 2500.00, 766.53, 599.08),
('2026-01', 'Pakistan', 'Asia', 'DA 128+8', 'DA', 'Dog', 33, 3100.00, 3010.00, 876.54, 622.35),
('2025-12', 'Pakistan', 'Asia', 'DA 256+8', 'DA', 'Dog', 20, 2000.00, 1550.00, 621.22, 376.21),
('2026-01', 'South Africa', 'Africa', 'DA 256+8', 'DA', 'Dog', 35, 3200.00, 2988.00, 876.43, 599.43),
('2025-12', 'India', 'Asia', 'DB 128+8', 'DB', 'Dog', 27, 2900.00, 2555.00, 611.65, 398.44),
('2026-01', 'India', 'Asia', 'DB 128+8', 'DB', 'Dog', 36, 3500.00, 2800.00, 654.38, 589.25),
('2025-12', 'South Africa', 'Africa', 'DB 256+8', 'DB', 'Dog', 37, 3700.00, 2988.00, 879.76, 698.76),
('2026-01', 'Kenya', 'Africa', 'DB 256+8', 'DB', 'Dog', 40, 4000.00, 3287.00, 1087.34, 966.26),
('2025-12', 'Kenya', 'Africa', 'CA 128+8', 'CA', 'Cat', 37, 3700.00, 3000.00, 1020.00, 876.21),
('2026-01', 'Pakistan', 'Asia', 'CA 128+8', 'CA', 'Cat', 35, 3591.00, 2900.00, 1003.00, 754.00),
('2025-12', 'Pakistan', 'Asia', 'CA 256+8', 'CA', 'Cat', 38, 3800.00, 3000.00, 1200.00, 645.38),
('2026-01', 'Pakistan', 'Asia', 'CA 256+8', 'CA', 'Cat', 35, 3600.00, 2877.00, 1100.00, 988.00),
('2025-12', 'India', 'Asia', 'CB 128+8', 'CB', 'Cat', 27, 2800.00, 2300.00, 987.00, 654.21),
('2026-01', 'Kenya', 'Africa', 'CB 128+8', 'CB', 'Cat', 30, 3000.00, 2500.00, 1300.00, 1000.00),
('2025-12', 'Kenya', 'Africa', 'CB 256+8', 'CB', 'Cat', 27, 2900.00, 2497.00, 1087.40, 964.37),
('2026-01', 'South Africa', 'Africa', 'CB 256+8', 'CB', 'Cat', 40, 4000.00, 3500.00, 2000.00, 1432.88),
('2025-12', 'India', 'Asia', 'TA 128+8', 'TA', 'Tiger', 36, 3800.00, 3210.00, 1030.00, 783.41),
('2026-01', 'Kenya', 'Africa', 'TA 128+8', 'TA', 'Tiger', 35, 3600.00, 2900.00, 1028.00, 652.78),
('2025-12', 'South Africa', 'Africa', 'TA 256+8', 'TA', 'Tiger', 30, 3200.00, 2586.00, 999.00, 580.45),
('2026-01', 'South Africa', 'Africa', 'TA 256+8', 'TA', 'Tiger', 37, 3800.00, 3109.00, 1028.73, 618.76),
('2025-12', 'Pakistan', 'Asia', 'TB 128+8', 'TB', 'Tiger', 27, 3000.00, 2200.00, 980.00, 652.81),
('2026-01', 'Pakistan', 'Asia', 'TB 128+8', 'TB', 'Tiger', 26, 2600.00, 2000.00, 950.87, 579.62),
('2025-12', 'India', 'Asia', 'TB 256+8', 'TB', 'Tiger', 38, 3800.00, 3020.00, 1265.43, 873.24),
('2026-01', 'Pakistan', 'Asia', 'TB 256+8', 'TB', 'Tiger', 27, 2800.00, 2046.00, 986.38, 670.25);
